{
  "sale_item": [
    { "item_id": "0", "item_img": "./img/0/image.jpg", "item_mark":"AMD", "item_model":"Ryzen 7 3600X", "item_price":"$ 219.99", "item_sku":"9SIA24G9N33349", "item_available":"33", "item_buyMessageAux":"Presione el boton comprar para finalizar el pedido" },
    { "item_id": "1", "item_img": "./img/1/image.jpg", "item_mark":"ASUS", "item_model":"ROG STRIX B450-F GAMING", "item_price":"$ 129.99", "item_sku":"N82E16813119140", "item_available":"5", "item_buyMessageAux":"Presione el boton comprar para finalizar el pedido" },
    { "item_id": "2", "item_img": "./img/2/image.jpg", "item_mark":"Crucial", "item_model":"CT1000P1SSD8", "item_price":"$ 119.99", "item_sku":"N82E16820156199", "item_available":"5", "item_buyMessageAux":"Presione el boton comprar para finalizar el pedido" }
  ],
  "comments": [
    { "id": 1, "body": "some comment", "postId": 1 },
    { "id": 2, "body": "some comment", "postId": 1 }
  ],
  "profile": {
    "name": "typicode"
  }
}
